{"subject_consistency": 91.64547567921025, "background_consistency": 94.53608921595982, "aesthetic_quality": 62.54742503166199, "imaging_quality": 72.57900593175297}