{
  "paths": {
    "lc": {
      "ref": "results/multiprompt/lc/bf16_rep0/p1/1-0/segment_1.mp4",
      "qvg": "results/multiprompt/lc/qvg_rep0/p1/1-0/segment_1.mp4",
      "hash": "results/multiprompt/lc/pcahash_rep0/p1/1-0/segment_1.mp4"
    },
    "sf": {
      "qvg": "results/multiprompt/sf/qvg_rep0_f180/p1/0-0_ema.mp4",
      "hash": "results/multiprompt/sf/pcahash_rep0_f180/p1/0-0_ema.mp4"
    },
    "hy": {
      "ref": "results/multiprompt/hy/bf16_s0/0-0.mp4",
      "qvg": "results/multiprompt/hy/qvg_s0/0-0.mp4",
      "hash": "results/multiprompt/hy/pcahash_s0/0-0.mp4"
    }
  },
  "metrics": {
    "lc": {
      "qvg": {
        "PSNR": 28.829591751098633,
        "SSIM": 0.9503622651100159,
        "LPIPS": 0.048661552369594574,
        "BC": 91.7,
        "SC": 89.76,
        "AQ": 59.16,
        "IQ": 64.43,
        "n": 113
      },
      "hash": {
        "PSNR": 34.19908142089844,
        "SSIM": 0.9732555747032166,
        "LPIPS": 0.02917308546602726,
        "BC": 91.8,
        "SC": 89.72,
        "AQ": 59.0,
        "IQ": 64.38,
        "n": 113
      }
    },
    "hy": {
      "qvg": {
        "PSNR": 17.66260456447845,
        "SSIM": 0.43363465294241904,
        "LPIPS": 0.3874352582031861,
        "BC": 95.75,
        "SC": 93.8,
        "AQ": 62.73,
        "IQ": 78.53,
        "n": 173
      },
      "hash": {
        "PSNR": 17.686304014921188,
        "SSIM": 0.44422620367258786,
        "LPIPS": 0.39592551584355534,
        "BC": 95.45,
        "SC": 93.1,
        "AQ": 59.07,
        "IQ": 77.45,
        "n": 173
      }
    },
    "sf": {
      "qvg": {
        "BC": 89.46,
        "SC": 87.41,
        "AQ": 52.34,
        "IQ": 66.32,
        "n": 700
      },
      "hash": {
        "BC": 91.21,
        "SC": 89.32,
        "AQ": 52.57,
        "IQ": 63.48,
        "n": 700
      }
    }
  },
  "deltas_hash_minus_qvg": {
    "lc": {
      "PSNR": 5.369489669799805,
      "SSIM": 0.022893309593200684,
      "LPIPS": -0.019488466903567314,
      "BC": 0.09999999999999432,
      "SC": -0.04000000000000625,
      "AQ": -0.1599999999999966,
      "IQ": -0.05000000000001137
    },
    "hy": {
      "PSNR": 0.023699450442737913,
      "SSIM": 0.01059155073016882,
      "LPIPS": 0.008490257640369259,
      "BC": -0.29999999999999716,
      "SC": -0.7000000000000028,
      "AQ": -3.6599999999999966,
      "IQ": -1.0799999999999983
    },
    "sf": {
      "BC": 1.75,
      "SC": 1.9099999999999966,
      "AQ": 0.22999999999999687,
      "IQ": -2.8399999999999963
    }
  },
  "pass": false
}