{
  "lc_qvg": [
    28.829591751098633,
    0.9503622651100159,
    0.048661552369594574
  ],
  "lc_hash": [
    34.19908142089844,
    0.9732555747032166,
    0.02917308546602726
  ],
  "hy_qvg": [
    17.66260456447845,
    0.43363465294241904,
    0.3874352582031861
  ],
  "hy_hash": [
    17.686304014921188,
    0.44422620367258786,
    0.39592551584355534
  ]
}