{"subject_consistency": 89.10966178668397, "background_consistency": 93.46958705357142, "aesthetic_quality": 60.29199004173279, "imaging_quality": 70.88357639143952}