{"subject_consistency": 90.84308262116143, "background_consistency": 94.01432582310267, "aesthetic_quality": 62.196204662323, "imaging_quality": 72.34048751560988}