{"subject_consistency": 91.48782275084938, "background_consistency": 94.49898856026786, "aesthetic_quality": 62.34733462333679, "imaging_quality": 72.67648050426382}